measurement	uniform_frequency	binomial_frequency	width
0.0	0.333333333333	0.25	636.0
636.0	0.333333333333	0.5	100.0
736.0	0.333333333333	0.25	636.0
1372.0	0.0	0.0	0.0
